{
  "REGRESSION_A": 0.05267525086548324,
  "REGRESSION_B": 15.987918764554212,
  "REGRESSION_C": 0.24359466317943718
}

